,client id,file transfer round trip (ms)
,Client: 0.0,3.489462 ms
,Client: 1.0,1.350512 ms
,Client: 2.0,1.357155 ms
,Client: 3.0,1.593227 ms
,Client: 4.0,1.5687 ms
,Client: 5.0,1.601146 ms
,Client: 6.0,1.491286 ms
,Client: 7.0,1.412085 ms
,Client: 8.0,1.370951 ms
,Client: 9.0,1.20514 ms
,Client: 10.0,1.355878 ms
,Client: 11.0,1.224301 ms
,Client: 12.0,1.210505 ms
,Client: 13.0,1.26569 ms
,Client: 14.0,1.241163 ms
,Client: 15.0,1.059766 ms
,Client: 16.0,1.133603 ms
,Client: 17.0,1.30478 ms
,Client: 18.0,1.26799 ms
,Client: 19.0,1.236565 ms
,Client: 20.0,1.07433 ms
,Client: 21.0,1.253937 ms
,Client: 22.0,1.31781 ms
,Client: 23.0,0.990018 ms
,Client: 24.0,1.061299 ms
,Client: 25.0,0.907751 ms
,Client: 26.0,0.997938 ms
,Client: 27.0,0.914138 ms
,Client: 28.0,1.045203 ms
,Client: 29.0,0.972645 ms
,Client: 30.0,0.923335 ms
,Client: 31.0,0.943264 ms
,Client: 32.0,1.017867 ms
,Client: 33.0,0.860741 ms
,Client: 34.0,0.928701 ms
,Client: 35.0,0.94403 ms
,Client: 36.0,0.951694 ms
,Client: 37.0,0.946074 ms
,Client: 38.0,0.987207 ms
,Client: 39.0,0.965236 ms
,Client: 40.0,0.92589 ms
,Client: 41.0,0.89983 ms
,Client: 42.0,1.881929 ms
,Client: 43.0,0.724821 ms
,Client: 44.0,0.692885 ms
,Client: 45.0,0.659927 ms
,Client: 46.0,0.713324 ms
,Client: 47.0,0.651751 ms
,Client: 48.0,0.760079 ms
,Client: 49.0,0.601164 ms
,Client: 50.0,0.778473 ms
,Client: 51.0,0.670147 ms
,Client: 52.0,0.621604 ms
,Client: 53.0,0.667337 ms
,Client: 54.0,0.696462 ms
,Client: 55.0,0.779751 ms
,Client: 56.0,0.684709 ms
,Client: 57.0,0.684198 ms
,Client: 58.0,0.695696 ms
,Client: 59.0,0.65916 ms
,Client: 60.0,0.701316 ms
,Client: 61.0,0.762888 ms
,Client: 62.0,0.797635 ms
,Client: 63.0,0.804022 ms
,Client: 64.0,0.811176 ms
,Client: 65.0,0.609851 ms
,Client: 66.0,0.759567 ms
,Client: 67.0,0.758035 ms
,Client: 68.0,0.761866 ms
,Client: 69.0,0.707959 ms
,Client: 70.0,0.770809 ms
,Client: 71.0,0.797891 ms
,Client: 72.0,0.725332 ms
,Client: 73.0,0.716645 ms
,Client: 74.0,0.718433 ms
,Client: 75.0,0.753435 ms
,Client: 76.0,0.703616 ms
,Client: 77.0,0.706937 ms
,Client: 78.0,0.626458 ms
,Client: 79.0,0.771065 ms
,Client: 80.0,0.66657 ms
,Client: 81.0,0.679855 ms
,Client: 82.0,0.662737 ms
,Client: 83.0,0.814753 ms
,Client: 84.0,0.712047 ms
,Client: 85.0,0.869428 ms
,Client: 86.0,0.727121 ms
,Client: 87.0,0.72712 ms
,Client: 88.0,0.645875 ms
,Client: 89.0,0.649707 ms
,Client: 90.0,0.645364 ms
,Client: 91.0,0.76621 ms
,Client: 92.0,0.693907 ms
,Client: 93.0,0.65124 ms
,Client: 94.0,0.624159 ms
,Client: 95.0,0.636933 ms
,Client: 96.0,0.64894 ms
,Client: 97.0,0.673467 ms
,Client: 98.0,0.705404 ms
,Client: 99.0,0.685731 ms
,Client: 100.0,0.691352 ms
,Client: 101.0,0.736063 ms
,Client: 102.0,0.610618 ms
,Client: 103.0,0.6331 ms
,Client: 104.0,0.67219 ms
,Client: 105.0,0.767743 ms
,Client: 106.0,4.83231 ms
,Client: 107.0,7.266094 ms
,Client: 108.0,0.629269 ms
,Client: 109.0,0.603975 ms
,Client: 110.0,0.652263 ms
,Client: 111.0,0.653028 ms
,Client: 112.0,0.631057 ms
,Client: 113.0,0.669124 ms
,Client: 114.0,0.643831 ms
,Client: 115.0,0.661971 ms
,Client: 116.0,0.658905 ms
,Client: 117.0,0.641532 ms
,Client: 118.0,0.603464 ms
,Client: 119.0,0.70106 ms
,Client: 120.0,0.660182 ms
,Client: 121.0,2.644562 ms
,Client: 122.0,0.657116 ms
,Client: 123.0,0.694929 ms
,Client: 124.0,0.609851 ms
,Client: 125.0,0.561053 ms
,Client: 126.0,0.70336 ms
,Client: 127.0,0.699272 ms
,Client: 128.0,0.720222 ms
,Client: 129.0,3.344345 ms
,Client: 130.0,0.537292 ms
,Client: 131.0,0.664526 ms
,Client: 132.0,0.626458 ms
,Client: 133.0,0.597843 ms
,Client: 134.0,0.594777 ms
,Client: 135.0,0.597588 ms
,Client: 136.0,0.625692 ms
,Client: 137.0,0.574083 ms
,Client: 138.0,0.577404 ms
,Client: 139.0,0.589412 ms
,Client: 140.0,0.71639 ms
,Client: 141.0,0.692885 ms
,Client: 142.0,0.60934 ms
,Client: 143.0,0.549811 ms
,Client: 144.0,0.689563 ms
,Client: 145.0,0.639743 ms
,Client: 146.0,0.499735 ms
,Client: 147.0,0.601164 ms
,Client: 148.0,2.638686 ms
,Client: 149.0,0.64562 ms
,Client: 150.0,0.699272 ms
,Client: 151.0,0.619559 ms
,Client: 152.0,0.528861 ms
,Client: 153.0,0.597843 ms
,Client: 154.0,0.646386 ms
,Client: 155.0,0.595288 ms
,Client: 156.0,0.589157 ms
,Client: 157.0,0.581492 ms
,Client: 158.0,0.594521 ms
,Client: 159.0,0.530649 ms
,Client: 160.0,1.309123 ms
,Client: 161.0,0.613428 ms
,Client: 162.0,0.505101 ms
,Client: 163.0,0.569484 ms
,Client: 164.0,0.558242 ms
,Client: 165.0,0.619815 ms
,Client: 166.0,0.58788 ms
,Client: 167.0,0.546745 ms
,Client: 168.0,0.566929 ms
,Client: 169.0,0.598354 ms
,Client: 170.0,0.695184 ms
,Client: 171.0,0.588645 ms
,Client: 172.0,0.530905 ms
,Client: 173.0,0.590689 ms
,Client: 174.0,0.51532 ms
,Client: 175.0,0.516598 ms
,Client: 176.0,0.626458 ms
,Client: 177.0,0.574082 ms
,Client: 178.0,0.580981 ms
,Client: 179.0,0.570506 ms
,Client: 180.0,0.5074 ms
,Client: 181.0,0.481084 ms
,Client: 182.0,0.483128 ms
,Client: 183.0,0.485172 ms
,Client: 184.0,0.540869 ms
,Client: 185.0,0.603464 ms
,Client: 186.0,0.593755 ms
,Client: 187.0,0.589923 ms
,Client: 188.0,0.544446 ms
,Client: 189.0,0.556454 ms
,Client: 190.0,0.510466 ms
,Client: 191.0,0.652773 ms
,Client: 192.0,1.742177 ms
,Client: 193.0,0.592478 ms
,Client: 194.0,0.494371 ms
,Client: 195.0,0.590689 ms
,Client: 196.0,0.488494 ms
,Client: 197.0,0.528606 ms
,Client: 198.0,0.656095 ms
,Client: 199.0,0.567696 ms
,Client: 200.0,0.482618 ms
,Client: 201.0,0.566418 ms
,Client: 202.0,0.550833 ms
,Client: 203.0,0.568462 ms
,Client: 204.0,0.576893 ms
,Client: 205.0,0.530139 ms
,Client: 206.0,0.61445 ms
,Client: 207.0,0.545979 ms
,Client: 208.0,0.538314 ms
,Client: 209.0,0.599632 ms
,Client: 210.0,0.585835 ms
,Client: 211.0,0.518642 ms
,Client: 212.0,0.572549 ms
,Client: 213.0,0.498203 ms
,Client: 214.0,0.595544 ms
,Client: 215.0,0.568973 ms
,Client: 216.0,0.598098 ms
,Client: 217.0,0.487727 ms
,Client: 218.0,0.668358 ms
,Client: 219.0,0.553643 ms
,Client: 220.0,0.599121 ms
,Client: 221.0,0.598354 ms
,Client: 222.0,0.565907 ms
,Client: 223.0,0.514809 ms
,Client: 224.0,0.60142 ms
,Client: 225.0,0.582003 ms
,Client: 226.0,0.532183 ms
,Client: 227.0,0.643064 ms
,Client: 228.0,0.519663 ms
,Client: 229.0,0.640509 ms
,Client: 230.0,0.52043 ms
,Client: 231.0,0.594267 ms
,Client: 232.0,0.555687 ms
,Client: 233.0,0.59631 ms
,Client: 234.0,0.65124 ms
,Client: 235.0,0.725077 ms
,Client: 236.0,0.49948 ms
,Client: 237.0,0.455536 ms
,Client: 238.0,0.607552 ms
,Client: 239.0,0.556199 ms
,Client: 240.0,0.436885 ms
,Client: 241.0,0.64843 ms
,Client: 242.0,0.484662 ms
,Client: 243.0,0.591967 ms
,Client: 244.0,0.581237 ms
,Client: 245.0,0.570506 ms
,Client: 246.0,0.512766 ms
,Client: 247.0,0.704126 ms
,Client: 248.0,0.61445 ms
,Client: 249.0,0.585579 ms
,Client: 250.0,0.553133 ms
,Client: 251.0,0.545468 ms
,Client: 252.0,0.726354 ms
,Client: 253.0,1.178569 ms
,Client: 254.0,0.664781 ms
,Client: 255.0,0.714346 ms
,Client: 256.0,0.603719 ms
,Client: 257.0,0.587368 ms
,Client: 258.0,0.588646 ms
,Client: 259.0,0.540614 ms
,Client: 260.0,0.460135 ms
,Client: 261.0,0.514298 ms
,Client: 262.0,0.592989 ms
,Client: 263.0,0.557476 ms
,Client: 264.0,0.513276 ms
,Client: 265.0,0.58558 ms
,Client: 266.0,0.608062 ms
,Client: 267.0,0.55441 ms
,Client: 268.0,0.517875 ms
,Client: 269.0,0.530649 ms
,Client: 270.0,0.581747 ms
,Client: 271.0,0.506123 ms
,Client: 272.0,0.572294 ms
,Client: 273.0,0.5516 ms
,Client: 274.0,0.586346 ms
,Client: 275.0,0.623647 ms
,Client: 276.0,0.519408 ms
,Client: 277.0,1.504316 ms
,Client: 278.0,0.561309 ms
,Client: 279.0,0.549301 ms
,Client: 280.0,0.444805 ms
,Client: 281.0,0.475209 ms
,Client: 282.0,0.59069 ms
,Client: 283.0,0.562842 ms
,Client: 284.0,0.514554 ms
,Client: 285.0,0.563096 ms
,Client: 286.0,0.475464 ms
,Client: 287.0,0.522474 ms
,Client: 288.0,0.517875 ms
,Client: 289.0,0.589156 ms
,Client: 290.0,0.505611 ms
,Client: 291.0,0.529372 ms
,Client: 292.0,0.547512 ms
,Client: 293.0,0.557476 ms
,Client: 294.0,0.478785 ms
,Client: 295.0,0.455281 ms
,Client: 296.0,0.559775 ms
,Client: 297.0,0.531161 ms
,Client: 298.0,0.558753 ms
,Client: 299.0,0.651241 ms
,Client: 300.0,0.557987 ms
,Client: 301.0,0.609596 ms
,Client: 302.0,0.579704 ms
,Client: 303.0,0.596055 ms
,Client: 304.0,0.544446 ms
,Client: 305.0,0.543169 ms
,Client: 306.0,0.481851 ms
,Client: 307.0,0.516598 ms
,Client: 308.0,0.560542 ms
,Client: 309.0,0.586091 ms
,Client: 310.0,0.556454 ms
,Client: 311.0,0.526307 ms
,Client: 312.0,0.550833 ms
,Client: 313.0,0.579192 ms
,Client: 314.0,0.441229 ms
,Client: 315.0,0.429732 ms
,Client: 316.0,0.562841 ms
,Client: 317.0,0.463456 ms
,Client: 318.0,0.65635 ms
,Client: 319.0,0.604997 ms
,Client: 320.0,0.589923 ms
,Client: 321.0,0.510211 ms
,Client: 322.0,0.538059 ms
,Client: 323.0,0.554154 ms
,Client: 324.0,0.539081 ms
,Client: 325.0,0.516597 ms
,Client: 326.0,0.530905 ms
,Client: 327.0,0.508166 ms
,Client: 328.0,0.529372 ms
,Client: 329.0,0.457835 ms
,Client: 330.0,0.528862 ms
,Client: 331.0,0.509955 ms
,Client: 332.0,0.514043 ms
,Client: 333.0,0.558242 ms
,Client: 334.0,0.519152 ms
,Client: 335.0,0.521452 ms
,Client: 336.0,0.582258 ms
,Client: 337.0,0.467544 ms
,Client: 338.0,0.503312 ms
,Client: 339.0,0.556965 ms
,Client: 340.0,0.52324 ms
,Client: 341.0,0.554665 ms
,Client: 342.0,0.502801 ms
,Client: 343.0,0.536782 ms
,Client: 344.0,0.529883 ms
,Client: 345.0,0.482873 ms
,Client: 346.0,0.5516 ms
,Client: 347.0,0.547256 ms
,Client: 348.0,0.476742 ms
,Client: 349.0,0.563352 ms
,Client: 350.0,0.498458 ms
,Client: 351.0,0.572294 ms
,Client: 352.0,0.542147 ms
,Client: 353.0,0.557476 ms
,Client: 354.0,0.536271 ms
,Client: 355.0,0.507145 ms
,Client: 356.0,0.488494 ms
,Client: 357.0,0.503823 ms
,Client: 358.0,0.45758 ms
,Client: 359.0,0.568973 ms
,Client: 360.0,0.495903 ms
,Client: 361.0,0.574594 ms
,Client: 362.0,0.54368 ms
,Client: 363.0,0.519919 ms
,Client: 364.0,0.574338 ms
,Client: 365.0,0.495392 ms
,Client: 366.0,0.575616 ms
,Client: 367.0,0.469333 ms
,Client: 368.0,0.490538 ms
,Client: 369.0,0.539336 ms
,Client: 370.0,0.488239 ms
,Client: 371.0,0.588901 ms
,Client: 372.0,0.489516 ms
,Client: 373.0,0.558753 ms
,Client: 374.0,0.500757 ms
,Client: 375.0,0.584046 ms
,Client: 376.0,0.486706 ms
,Client: 377.0,0.54649 ms
,Client: 378.0,0.549045 ms
,Client: 379.0,0.614961 ms
,Client: 380.0,0.701827 ms
,Client: 381.0,0.61164 ms
,Client: 382.0,0.582514 ms
,Client: 383.0,0.521963 ms
,Client: 384.0,0.635911 ms
,Client: 385.0,0.540614 ms
,Client: 386.0,0.502291 ms
,Client: 387.0,0.556965 ms
,Client: 388.0,0.483385 ms
,Client: 389.0,0.509444 ms
,Client: 390.0,0.510722 ms
,Client: 391.0,0.516853 ms
,Client: 392.0,0.411081 ms
,Client: 393.0,0.518131 ms
,Client: 394.0,0.474698 ms
,Client: 395.0,0.531671 ms
,Client: 396.0,0.610362 ms
,Client: 397.0,0.568973 ms
,Client: 398.0,9.650824 ms
,Client: 399.0,0.516087 ms
,Client: 400.0,0.556454 ms
,Client: 401.0,0.588134 ms
,Client: 402.0,0.521452 ms
,Client: 403.0,0.463457 ms
,Client: 404.0,0.550578 ms
,Client: 405.0,0.494626 ms
,Client: 406.0,0.45988 ms
,Client: 407.0,0.520431 ms
,Client: 408.0,0.432542 ms
,Client: 409.0,0.504845 ms
,Client: 410.0,0.483128 ms
,Client: 411.0,0.506123 ms
,Client: 412.0,0.523241 ms
,Client: 413.0,0.478785 ms
,Client: 414.0,0.511744 ms
,Client: 415.0,0.574593 ms
,Client: 416.0,0.787671 ms
,Client: 417.0,0.681132 ms
,Client: 418.0,0.605764 ms
,Client: 419.0,0.474697 ms
,Client: 420.0,0.576127 ms
,Client: 421.0,0.477764 ms
,Client: 422.0,0.509955 ms
,Client: 423.0,0.507145 ms
,Client: 424.0,0.550578 ms
,Client: 425.0,0.588645 ms
,Client: 426.0,0.531671 ms
,Client: 427.0,1.433802 ms
,Client: 428.0,0.832126 ms
,Client: 429.0,0.508678 ms
,Client: 430.0,0.496159 ms
,Client: 431.0,0.549045 ms
,Client: 432.0,0.66708 ms
,Client: 433.0,0.573827 ms
,Client: 434.0,0.482874 ms
,Client: 435.0,0.442506 ms
,Client: 436.0,0.487216 ms
,Client: 437.0,0.501013 ms
,Client: 438.0,0.674489 ms
,Client: 439.0,0.509955 ms
,Client: 440.0,0.625692 ms
,Client: 441.0,0.499735 ms
,Client: 442.0,0.847967 ms
,Client: 443.0,0.561564 ms
,Client: 444.0,0.480063 ms
,Client: 445.0,0.663249 ms
,Client: 446.0,0.677045 ms
,Client: 447.0,0.45477 ms
,Client: 448.0,0.552878 ms
,Client: 449.0,0.529883 ms
,Client: 450.0,0.468311 ms
,Client: 451.0,0.491305 ms
,Client: 452.0,0.601675 ms
,Client: 453.0,0.51762 ms
,Client: 454.0,0.497436 ms
,Client: 455.0,0.520941 ms
,Client: 456.0,0.556198 ms
,Client: 457.0,0.522474 ms
,Client: 458.0,0.476231 ms
,Client: 459.0,0.501524 ms
,Client: 460.0,0.4678 ms
,Client: 461.0,0.508422 ms
,Client: 462.0,0.463712 ms
,Client: 463.0,0.616494 ms
,Client: 464.0,0.34772 ms
,Client: 465.0,0.522985 ms
,Client: 466.0,1.104988 ms
,Client: 467.0,0.547768 ms
,Client: 468.0,0.417212 ms
,Client: 469.0,0.411081 ms
,Client: 470.0,0.502035 ms
,Client: 471.0,0.459369 ms
,Client: 472.0,0.520686 ms
,Client: 473.0,0.514298 ms
,Client: 474.0,0.485939 ms
,Client: 475.0,0.487983 ms
,Client: 476.0,0.710003 ms
,Client: 477.0,0.503313 ms
,Client: 478.0,0.36637 ms
,Client: 479.0,0.473932 ms
,Client: 480.0,0.46039 ms
,Client: 481.0,0.393963 ms
,Client: 482.0,0.510211 ms
,Client: 483.0,0.561819 ms
,Client: 484.0,0.446339 ms
,Client: 485.0,0.462434 ms
,Client: 486.0,0.664781 ms
,Client: 487.0,0.515832 ms
,Client: 488.0,0.869939 ms
,Client: 489.0,0.569995 ms
,Client: 490.0,0.496159 ms
,Client: 491.0,0.521452 ms
,Client: 492.0,0.442251 ms
,Client: 493.0,0.519152 ms
,Client: 494.0,0.507145 ms
,Client: 495.0,0.464734 ms
,Client: 496.0,0.580981 ms
,Client: 497.0,0.509955 ms
,Client: 498.0,0.444295 ms
,Client: 499.0,0.560286 ms
,Client: 500.0,0.46039 ms
,Client: 501.0,0.546745 ms
,Client: 502.0,0.540614 ms
,Client: 503.0,0.504334 ms
,Client: 504.0,0.438419 ms
,Client: 505.0,0.500758 ms
,Client: 506.0,0.495903 ms
,Client: 507.0,0.568206 ms
,Client: 508.0,0.521963 ms
,Client: 509.0,0.516342 ms
,Client: 510.0,0.494115 ms
,Client: 511.0,0.46269 ms
,Client: 512.0,0.518898 ms
,Client: 513.0,0.45758 ms
,Client: 514.0,0.502546 ms
,Client: 515.0,0.532438 ms
,Client: 516.0,0.5074 ms
,Client: 517.0,0.513532 ms
,Client: 518.0,0.447616 ms
,Client: 519.0,0.48926 ms
,Client: 520.0,0.540869 ms
,Client: 521.0,0.493859 ms
,Client: 522.0,0.504335 ms
,Client: 523.0,0.422834 ms
,Client: 524.0,0.522218 ms
,Client: 525.0,0.488239 ms
,Client: 526.0,0.535759 ms
,Client: 527.0,0.49718 ms
,Client: 528.0,0.536015 ms
,Client: 529.0,0.514554 ms
,Client: 530.0,0.470866 ms
,Client: 531.0,0.452981 ms
,Client: 532.0,0.539336 ms
,Client: 533.0,0.485428 ms
,Client: 534.0,0.539337 ms
,Client: 535.0,0.628757 ms
,Client: 536.0,0.583025 ms
,Client: 537.0,0.531417 ms
,Client: 538.0,0.416446 ms
,Client: 539.0,0.468566 ms
,Client: 540.0,0.44736 ms
,Client: 541.0,0.499991 ms
,Client: 542.0,0.484406 ms
,Client: 543.0,0.505101 ms
,Client: 544.0,0.449915 ms
,Client: 545.0,0.550833 ms
,Client: 546.0,0.487472 ms
,Client: 547.0,0.506122 ms
,Client: 548.0,0.521963 ms
,Client: 549.0,0.512255 ms
,Client: 550.0,0.529372 ms
,Client: 551.0,0.466267 ms
,Client: 552.0,0.564885 ms
,Client: 553.0,0.496159 ms
,Client: 554.0,0.492327 ms
,Client: 555.0,0.498969 ms
,Client: 556.0,0.492581 ms
,Client: 557.0,0.451704 ms
,Client: 558.0,0.499225 ms
,Client: 559.0,0.51762 ms
,Client: 560.0,0.410826 ms
,Client: 561.0,0.50459 ms
,Client: 562.0,0.521708 ms
,Client: 563.0,0.482362 ms
,Client: 564.0,0.564374 ms
,Client: 565.0,0.508422 ms
,Client: 566.0,0.571528 ms
,Client: 567.0,0.495904 ms
,Client: 568.0,0.506122 ms
,Client: 569.0,0.546235 ms
,Client: 570.0,0.531416 ms
,Client: 571.0,0.514809 ms
,Client: 572.0,0.522729 ms
,Client: 573.0,0.537037 ms
,Client: 574.0,0.390642 ms
,Client: 575.0,0.461412 ms
,Client: 576.0,0.574338 ms
,Client: 577.0,1.621074 ms
,Client: 578.0,0.439951 ms
,Client: 579.0,0.471121 ms
,Client: 580.0,0.482106 ms
,Client: 581.0,0.490027 ms
,Client: 582.0,0.419001 ms
,Client: 583.0,0.487216 ms
,Client: 584.0,0.500757 ms
,Client: 585.0,0.509444 ms
,Client: 586.0,0.463201 ms
,Client: 587.0,0.437397 ms
,Client: 588.0,0.460646 ms
,Client: 589.0,0.515576 ms
,Client: 590.0,0.545979 ms
,Client: 591.0,0.490283 ms
,Client: 592.0,0.548278 ms
,Client: 593.0,0.530906 ms
,Client: 594.0,0.434842 ms
,Client: 595.0,0.501269 ms
,Client: 596.0,0.522474 ms
,Client: 597.0,0.536015 ms
,Client: 598.0,0.474442 ms
,Client: 599.0,0.505357 ms
,Client: 600.0,0.492327 ms
,Client: 601.0,0.448127 ms
,Client: 602.0,0.499224 ms
,Client: 603.0,0.515576 ms
,Client: 604.0,0.506378 ms
,Client: 605.0,0.516087 ms
,Client: 606.0,0.447616 ms
,Client: 607.0,0.475209 ms
,Client: 608.0,0.5074 ms
,Client: 609.0,0.499224 ms
,Client: 610.0,0.454514 ms
,Client: 611.0,0.522474 ms
,Client: 612.0,0.446083 ms
,Client: 613.0,0.470354 ms
,Client: 614.0,0.503823 ms
,Client: 615.0,0.523752 ms
,Client: 616.0,0.491815 ms
,Client: 617.0,0.492582 ms
,Client: 618.0,0.460134 ms
,Client: 619.0,0.446339 ms
,Client: 620.0,0.451448 ms
,Client: 621.0,0.479552 ms
,Client: 622.0,0.496414 ms
,Client: 623.0,0.459113 ms
,Client: 624.0,0.518897 ms
,Client: 625.0,0.4655 ms
,Client: 626.0,0.522219 ms
,Client: 627.0,0.526307 ms
,Client: 628.0,0.501269 ms
,Client: 629.0,0.454514 ms
,Client: 630.0,0.540103 ms
,Client: 631.0,0.491049 ms
,Client: 632.0,0.499225 ms
,Client: 633.0,0.531927 ms
,Client: 634.0,0.463456 ms
,Client: 635.0,0.437651 ms
,Client: 636.0,0.439185 ms
,Client: 637.0,0.514043 ms
,Client: 638.0,0.518386 ms
,Client: 639.0,0.501268 ms
,Client: 640.0,0.53116 ms
,Client: 641.0,0.524518 ms
,Client: 642.0,0.539592 ms
,Client: 643.0,0.508933 ms
,Client: 644.0,0.48926 ms
,Client: 645.0,0.563863 ms
,Client: 646.0,0.513021 ms
,Client: 647.0,0.459879 ms
,Client: 648.0,0.480574 ms
,Client: 649.0,0.516087 ms
,Client: 650.0,0.521707 ms
,Client: 651.0,0.508167 ms
,Client: 652.0,0.522985 ms
,Client: 653.0,0.525795 ms
,Client: 654.0,0.508422 ms
,Client: 655.0,0.550577 ms
,Client: 656.0,0.556965 ms
,Client: 657.0,0.524773 ms
,Client: 658.0,0.539592 ms
,Client: 659.0,0.491816 ms
,Client: 660.0,0.471632 ms
,Client: 661.0,0.519408 ms
,Client: 662.0,0.523751 ms
,Client: 663.0,0.506889 ms
,Client: 664.0,0.495392 ms
,Client: 665.0,0.516598 ms
,Client: 666.0,0.484917 ms
,Client: 667.0,0.469844 ms
,Client: 668.0,0.503568 ms
,Client: 669.0,2.464187 ms
,Client: 670.0,0.477253 ms
,Client: 671.0,0.482363 ms
,Client: 672.0,0.463201 ms
,Client: 673.0,0.55671 ms
,Client: 674.0,0.524518 ms
,Client: 675.0,0.552621 ms
,Client: 676.0,0.536015 ms
,Client: 677.0,0.482363 ms
,Client: 678.0,0.529372 ms
,Client: 679.0,0.497436 ms
,Client: 680.0,0.490538 ms
,Client: 681.0,0.507145 ms
,Client: 682.0,0.530138 ms
,Client: 683.0,0.493348 ms
,Client: 684.0,0.498714 ms
,Client: 685.0,0.449915 ms
,Client: 686.0,0.560541 ms
,Client: 687.0,0.481851 ms
,Client: 688.0,0.497436 ms
,Client: 689.0,0.449916 ms
,Client: 690.0,0.509188 ms
,Client: 691.0,0.503057 ms
,Client: 692.0,0.492582 ms
,Client: 693.0,0.481085 ms
,Client: 694.0,0.526307 ms
,Client: 695.0,0.509699 ms
,Client: 696.0,0.512766 ms
,Client: 697.0,0.533204 ms
,Client: 698.0,0.555176 ms
,Client: 699.0,0.480063 ms
,Client: 700.0,0.53065 ms
,Client: 701.0,0.439951 ms
,Client: 702.0,0.43663 ms
,Client: 703.0,0.545979 ms
,Client: 704.0,0.52273 ms
,Client: 705.0,0.476997 ms
,Client: 706.0,0.499736 ms
,Client: 707.0,0.460646 ms
,Client: 708.0,0.512254 ms
,Client: 709.0,0.517364 ms
,Client: 710.0,0.50459 ms
,Client: 711.0,0.45758 ms
,Client: 712.0,0.478275 ms
,Client: 713.0,0.503057 ms
,Client: 714.0,0.513277 ms
,Client: 715.0,0.492837 ms
,Client: 716.0,0.555943 ms
,Client: 717.0,0.524518 ms
,Client: 718.0,0.51251 ms
,Client: 719.0,0.472398 ms
,Client: 720.0,0.512255 ms
,Client: 721.0,0.577404 ms
,Client: 722.0,0.493604 ms
,Client: 723.0,0.515831 ms
,Client: 724.0,0.499735 ms
,Client: 725.0,0.463967 ms
,Client: 726.0,0.488494 ms
,Client: 727.0,1.648923 ms
,Client: 728.0,0.509189 ms
,Client: 729.0,0.359472 ms
,Client: 730.0,0.48134 ms
,Client: 731.0,0.49437 ms
,Client: 732.0,0.501013 ms
,Client: 733.0,0.518386 ms
,Client: 734.0,0.454259 ms
,Client: 735.0,0.533204 ms
,Client: 736.0,0.498714 ms
,Client: 737.0,0.513532 ms
,Client: 738.0,0.466267 ms
,Client: 739.0,0.495903 ms
,Client: 740.0,0.456558 ms
,Client: 741.0,0.580981 ms
,Client: 742.0,0.514298 ms
,Client: 743.0,0.522729 ms
,Client: 744.0,0.491815 ms
,Client: 745.0,0.47342 ms
,Client: 746.0,0.48926 ms
,Client: 747.0,0.436119 ms
,Client: 748.0,0.51251 ms
,Client: 749.0,0.49948 ms
,Client: 750.0,0.519663 ms
,Client: 751.0,0.527073 ms
,Client: 752.0,0.498203 ms
,Client: 753.0,0.469844 ms
,Client: 754.0,0.521452 ms
,Client: 755.0,0.508677 ms
,Client: 756.0,0.506123 ms
,Client: 757.0,0.513021 ms
,Client: 758.0,0.459879 ms
,Client: 759.0,0.513021 ms
,Client: 760.0,0.522219 ms
,Client: 761.0,0.496158 ms
,Client: 762.0,0.532693 ms
,Client: 763.0,0.48364 ms
,Client: 764.0,0.502545 ms
,Client: 765.0,0.506889 ms
,Client: 766.0,0.548534 ms
,Client: 767.0,0.511999 ms
,Client: 768.0,0.554155 ms
,Client: 769.0,0.550577 ms
,Client: 770.0,0.541125 ms
,Client: 771.0,0.446338 ms
,Client: 772.0,0.434075 ms
,Client: 773.0,0.535249 ms
,Client: 774.0,0.49667 ms
,Client: 775.0,0.560542 ms
,Client: 776.0,0.523496 ms
,Client: 777.0,0.529373 ms
,Client: 778.0,0.462945 ms
,Client: 779.0,0.527584 ms
,Client: 780.0,0.517875 ms
,Client: 781.0,0.504334 ms
,Client: 782.0,0.516598 ms
,Client: 783.0,0.511488 ms
,Client: 784.0,0.458346 ms
,Client: 785.0,0.516853 ms
,Client: 786.0,0.552877 ms
,Client: 787.0,0.521963 ms
,Client: 788.0,3.938356 ms
,Client: 789.0,0.40265 ms
,Client: 790.0,0.504079 ms
,Client: 791.0,0.40035 ms
,Client: 792.0,0.519152 ms
,Client: 793.0,0.478019 ms
,Client: 794.0,0.512765 ms
,Client: 795.0,0.509444 ms
,Client: 796.0,0.505101 ms
,Client: 797.0,0.526818 ms
,Client: 798.0,0.501524 ms
,Client: 799.0,0.483896 ms
,Client: 800.0,0.506123 ms
,Client: 801.0,0.530139 ms
,Client: 802.0,0.5074 ms
,Client: 803.0,0.519408 ms
,Client: 804.0,0.416446 ms
,Client: 805.0,0.497692 ms
,Client: 806.0,0.424622 ms
,Client: 807.0,0.507911 ms
,Client: 808.0,0.503568 ms
,Client: 809.0,0.513021 ms
,Client: 810.0,0.459113 ms
,Client: 811.0,0.515065 ms
,Client: 812.0,0.495393 ms
,Client: 813.0,0.49897 ms
,Client: 814.0,0.489516 ms
,Client: 815.0,0.496414 ms
,Client: 816.0,0.498458 ms
,Client: 817.0,0.461923 ms
,Client: 818.0,0.435608 ms
,Client: 819.0,0.517875 ms
,Client: 820.0,0.431009 ms
,Client: 821.0,0.543679 ms
,Client: 822.0,0.524007 ms
,Client: 823.0,0.443017 ms
,Client: 824.0,0.451193 ms
,Client: 825.0,0.515576 ms
,Client: 826.0,0.480574 ms
,Client: 827.0,0.497436 ms
,Client: 828.0,0.503823 ms
,Client: 829.0,0.47061 ms
,Client: 830.0,0.538314 ms
,Client: 831.0,0.477764 ms
,Client: 832.0,0.53065 ms
,Client: 833.0,0.502291 ms
,Client: 834.0,0.542402 ms
,Client: 835.0,0.460646 ms
,Client: 836.0,0.510977 ms
,Client: 837.0,0.516854 ms
,Client: 838.0,0.514299 ms
,Client: 839.0,0.51251 ms
,Client: 840.0,0.435097 ms
,Client: 841.0,0.461668 ms
,Client: 842.0,0.540614 ms
,Client: 843.0,0.442506 ms
,Client: 844.0,0.511488 ms
,Client: 845.0,0.540103 ms
,Client: 846.0,0.512254 ms
,Client: 847.0,1.827765 ms
,Client: 848.0,0.480829 ms
,Client: 849.0,0.492071 ms
,Client: 850.0,0.441485 ms
,Client: 851.0,0.516342 ms
,Client: 852.0,0.518641 ms
,Client: 853.0,0.503823 ms
,Client: 854.0,0.446594 ms
,Client: 855.0,0.559264 ms
,Client: 856.0,0.46039 ms
,Client: 857.0,0.480319 ms
,Client: 858.0,0.519409 ms
,Client: 859.0,0.497692 ms
,Client: 860.0,0.511488 ms
,Client: 861.0,0.510466 ms
,Client: 862.0,0.573061 ms
,Client: 863.0,0.439185 ms
,Client: 864.0,0.506889 ms
,Client: 865.0,0.465756 ms
,Client: 866.0,0.514809 ms
,Client: 867.0,0.476997 ms
,Client: 868.0,0.474442 ms
,Client: 869.0,0.613173 ms
,Client: 870.0,0.485428 ms
,Client: 871.0,0.466267 ms
,Client: 872.0,0.510722 ms
,Client: 873.0,0.44966 ms
,Client: 874.0,0.657883 ms
,Client: 875.0,0.642809 ms
,Client: 876.0,0.563352 ms
,Client: 877.0,0.522985 ms
,Client: 878.0,0.459624 ms
,Client: 879.0,0.534737 ms
,Client: 880.0,0.531416 ms
,Client: 881.0,0.495648 ms
,Client: 882.0,0.552111 ms
,Client: 883.0,0.521452 ms
,Client: 884.0,0.53065 ms
,Client: 885.0,0.679088 ms
,Client: 886.0,0.471632 ms
,Client: 887.0,0.550322 ms
,Client: 888.0,0.519153 ms
,Client: 889.0,0.509699 ms
,Client: 890.0,0.519152 ms
,Client: 891.0,0.478019 ms
,Client: 892.0,0.470609 ms
,Client: 893.0,0.500246 ms
,Client: 894.0,0.303264 ms
,Client: 895.0,0.56974 ms
,Client: 896.0,0.467033 ms
,Client: 897.0,0.551855 ms
,Client: 898.0,0.533204 ms
,Client: 899.0,0.503312 ms
,Client: 900.0,0.50178 ms
,Client: 901.0,0.55441 ms
,Client: 902.0,0.458857 ms
,Client: 903.0,0.507911 ms
,Client: 904.0,0.511232 ms
,Client: 905.0,0.522474 ms
,Client: 906.0,0.499736 ms
,Client: 907.0,0.466523 ms
,Client: 908.0,0.446083 ms
,Client: 909.0,0.484661 ms
,Client: 910.0,0.513532 ms
,Client: 911.0,0.433053 ms
,Client: 912.0,0.44685 ms
,Client: 913.0,0.481085 ms
,Client: 914.0,0.54419 ms
,Client: 915.0,0.516598 ms
,Client: 916.0,0.47061 ms
,Client: 917.0,0.595544 ms
,Client: 918.0,0.528861 ms
,Client: 919.0,0.513787 ms
,Client: 920.0,0.523496 ms
,Client: 921.0,0.516342 ms
,Client: 922.0,0.503823 ms
,Client: 923.0,0.499225 ms
,Client: 924.0,0.510211 ms
,Client: 925.0,0.50689 ms
,Client: 926.0,0.528606 ms
,Client: 927.0,0.525284 ms
,Client: 928.0,0.536014 ms
,Client: 929.0,0.538569 ms
,Client: 930.0,0.491816 ms
,Client: 931.0,0.486194 ms
,Client: 932.0,0.478019 ms
,Client: 933.0,0.531927 ms
,Client: 934.0,0.479552 ms
,Client: 935.0,0.495904 ms
,Client: 936.0,0.462946 ms
,Client: 937.0,0.498458 ms
,Client: 938.0,0.431264 ms
,Client: 939.0,0.51532 ms
,Client: 940.0,0.456302 ms
,Client: 941.0,0.492326 ms
,Client: 942.0,0.453748 ms
,Client: 943.0,0.510977 ms
,Client: 944.0,0.493603 ms
,Client: 945.0,0.445827 ms
,Client: 946.0,0.426666 ms
,Client: 947.0,0.518131 ms
,Client: 948.0,0.483385 ms
,Client: 949.0,0.5074 ms
,Client: 950.0,0.468821 ms
,Client: 951.0,0.445572 ms
,Client: 952.0,0.471887 ms
,Client: 953.0,0.493348 ms
,Client: 954.0,0.493604 ms
,Client: 955.0,0.516853 ms
,Client: 956.0,0.463201 ms
,Client: 957.0,0.513021 ms
,Client: 958.0,0.47572 ms
,Client: 959.0,0.555432 ms
,Client: 960.0,0.446083 ms
,Client: 961.0,0.555688 ms
,Client: 962.0,0.55722 ms
,Client: 963.0,0.484917 ms
,Client: 964.0,0.502802 ms
,Client: 965.0,0.511488 ms
,Client: 966.0,0.437141 ms
,Client: 967.0,1.3127 ms
,Client: 968.0,0.466522 ms
,Client: 969.0,0.525795 ms
,Client: 970.0,0.515832 ms
,Client: 971.0,0.54649 ms
,Client: 972.0,0.47061 ms
,Client: 973.0,0.506889 ms
,Client: 974.0,0.499991 ms
,Client: 975.0,0.528862 ms
,Client: 976.0,0.514043 ms
,Client: 977.0,0.477252 ms
,Client: 978.0,0.507144 ms
,Client: 979.0,0.442506 ms
,Client: 980.0,0.472398 ms
,Client: 981.0,0.503313 ms
,Client: 982.0,0.472909 ms
,Client: 983.0,0.450937 ms
,Client: 984.0,0.512766 ms
,Client: 985.0,0.519408 ms
,Client: 986.0,0.517109 ms
,Client: 987.0,0.452215 ms
,Client: 988.0,0.496159 ms
,Client: 989.0,0.422323 ms
,Client: 990.0,0.511999 ms
,Client: 991.0,0.479552 ms
,Client: 992.0,0.502545 ms
,Client: 993.0,0.441484 ms
,Client: 994.0,0.43893 ms
,Client: 995.0,0.417979 ms
,Client: 996.0,0.423856 ms
,Client: 997.0,0.500758 ms
,Client: 998.0,0.515831 ms
,Client: 999.0,0.47061 ms
AVG,-,0.608425 ms
AVG w/o Client 0,-,0.605541 ms
